filename,audio_id,speaker_id,codec,attack_type,label
DF_E_2002519.flac,DF_E_2002519,TFF1,nocodec,vcc2020,fake
DF_E_2002516.flac,DF_E_2002516,VCC2TF1,low_m4a,vcc2018,fake
DF_E_2001990.flac,DF_E_2001990,VCC2TM1,oggm4a,vcc2018,fake
DF_E_2004416.flac,DF_E_2004416,LA_0023,high_ogg,asvspoof,fake
DF_E_2003653.flac,DF_E_2003653,VCC2TM2,high_mp3,vcc2018,fake
DF_E_2004213.flac,DF_E_2004213,TFF1,low_mp3,vcc2020,fake
DF_E_2000143.flac,DF_E_2000143,LA_0034,low_mp3,asvspoof,fake
DF_E_2002237.flac,DF_E_2002237,VCC2TF1,high_m4a,vcc2018,fake
DF_E_2003332.flac,DF_E_2003332,VCC2TM2,low_mp3,vcc2018,fake
DF_E_2004575.flac,DF_E_2004575,LA_0013,high_m4a,asvspoof,fake
DF_E_2000508.flac,DF_E_2000508,TFM1,nocodec,vcc2020,fake
DF_E_2002022.flac,DF_E_2002022,LA_0013,low_ogg,asvspoof,fake
DF_E_2004779.flac,DF_E_2004779,VCC2TF1,nocodec,vcc2018,fake
DF_E_2002535.flac,DF_E_2002535,TMM1,high_ogg,vcc2020,fake
DF_E_2001218.flac,DF_E_2001218,VCC2TF2,low_ogg,vcc2018,fake
DF_E_2003594.flac,DF_E_2003594,TGF1,nocodec,vcc2020,fake
DF_E_2003378.flac,DF_E_2003378,LA_0010,high_m4a,asvspoof,fake
DF_E_2000128.flac,DF_E_2000128,VCC2TM2,nocodec,vcc2018,fake
DF_E_2004787.flac,DF_E_2004787,TGM1,nocodec,vcc2020,fake
DF_E_2000216.flac,DF_E_2000216,TEM1,high_m4a,vcc2020,fake
DF_E_2003353.flac,DF_E_2003353,TMF1,oggm4a,vcc2020,fake
DF_E_2000662.flac,DF_E_2000662,VCC2TM2,oggm4a,vcc2018,fake
DF_E_2002688.flac,DF_E_2002688,TEM2,low_mp3,vcc2020,fake
DF_E_2002241.flac,DF_E_2002241,TEM1,oggm4a,vcc2020,fake
DF_E_2003357.flac,DF_E_2003357,TMM1,oggm4a,vcc2020,fake
DF_E_2001966.flac,DF_E_2001966,TEF2,nocodec,vcc2020,fake
DF_E_2003923.flac,DF_E_2003923,LA_0013,high_ogg,asvspoof,fake
DF_E_2002882.flac,DF_E_2002882,VCC2TM1,oggm4a,vcc2018,fake
DF_E_2004517.flac,DF_E_2004517,TEF2,low_m4a,vcc2020,fake
DF_E_2003259.flac,DF_E_2003259,VCC2TF1,mp3m4a,vcc2018,fake
DF_E_2001113.flac,DF_E_2001113,VCC2TF1,nocodec,vcc2018,fake
DF_E_2004364.flac,DF_E_2004364,TMM1,low_mp3,vcc2020,fake
DF_E_2002027.flac,DF_E_2002027,LA_0042,low_mp3,asvspoof,fake
DF_E_2000692.flac,DF_E_2000692,TEF1,nocodec,vcc2020,fake
DF_E_2003281.flac,DF_E_2003281,VCC2TM2,low_mp3,vcc2018,fake
DF_E_2002606.flac,DF_E_2002606,LA_0039,nocodec,asvspoof,fake
DF_E_2004775.flac,DF_E_2004775,LA_0028,high_mp3,asvspoof,fake
DF_E_2002772.flac,DF_E_2002772,LA_0043,mp3m4a,asvspoof,fake
DF_E_2002885.flac,DF_E_2002885,TEM2,oggm4a,vcc2020,fake
DF_E_2001262.flac,DF_E_2001262,TMF1,low_m4a,vcc2020,fake
DF_E_2004719.flac,DF_E_2004719,TGM1,oggm4a,vcc2020,fake
DF_E_2000223.flac,DF_E_2000223,TFF1,low_m4a,vcc2020,fake
DF_E_2003588.flac,DF_E_2003588,TMF1,high_ogg,vcc2020,fake
DF_E_2004537.flac,DF_E_2004537,TMM1,high_ogg,vcc2020,fake
DF_E_2003425.flac,DF_E_2003425,VCC2TM1,high_ogg,vcc2018,fake
DF_E_2004134.flac,DF_E_2004134,VCC2TF2,high_mp3,vcc2018,fake
DF_E_2002990.flac,DF_E_2002990,TEM1,low_ogg,vcc2020,fake
DF_E_2004410.flac,DF_E_2004410,TGF1,high_ogg,vcc2020,fake
DF_E_2000721.flac,DF_E_2000721,VCC2TM2,oggm4a,vcc2018,fake
DF_E_2002436.flac,DF_E_2002436,TMF1,high_ogg,vcc2020,fake
DF_E_2003785.flac,DF_E_2003785,LA_0015,high_mp3,asvspoof,fake
DF_E_2003703.flac,DF_E_2003703,TMF1,high_m4a,vcc2020,fake
DF_E_2000916.flac,DF_E_2000916,TGF1,low_ogg,vcc2020,fake
DF_E_2003698.flac,DF_E_2003698,LA_0001,high_mp3,asvspoof,fake
DF_E_2001618.flac,DF_E_2001618,LA_0008,low_m4a,asvspoof,fake
DF_E_2000926.flac,DF_E_2000926,TMM1,mp3m4a,vcc2020,fake
DF_E_2002947.flac,DF_E_2002947,TGM1,oggm4a,vcc2020,fake
DF_E_2003228.flac,DF_E_2003228,TGM1,high_ogg,vcc2020,fake
DF_E_2004508.flac,DF_E_2004508,LA_0047,oggm4a,asvspoof,fake
DF_E_2001620.flac,DF_E_2001620,VCC2TM1,low_m4a,vcc2018,fake
DF_E_2001243.flac,DF_E_2001243,TMF1,oggm4a,vcc2020,fake
DF_E_2004625.flac,DF_E_2004625,VCC2TF2,oggm4a,vcc2018,fake
DF_E_2004349.flac,DF_E_2004349,VCC2TF1,mp3m4a,vcc2018,fake
DF_E_2003345.flac,DF_E_2003345,TMM1,nocodec,vcc2020,fake
DF_E_2000127.flac,DF_E_2000127,LA_0046,mp3m4a,asvspoof,fake
DF_E_2003065.flac,DF_E_2003065,LA_0021,high_mp3,asvspoof,fake
DF_E_2004640.flac,DF_E_2004640,TFF1,high_m4a,vcc2020,fake
DF_E_2004826.flac,DF_E_2004826,VCC2TM2,low_ogg,vcc2018,fake
DF_E_2001932.flac,DF_E_2001932,TEF2,oggm4a,vcc2020,fake
DF_E_2003464.flac,DF_E_2003464,VCC2TF2,high_mp3,vcc2018,fake
DF_E_2002923.flac,DF_E_2002923,VCC2TM2,oggm4a,vcc2018,fake
DF_E_2000795.flac,DF_E_2000795,TEF1,low_ogg,vcc2020,fake
DF_E_2000349.flac,DF_E_2000349,TFF1,low_m4a,vcc2020,fake
DF_E_2004656.flac,DF_E_2004656,VCC2TM1,oggm4a,vcc2018,fake
DF_E_2000151.flac,DF_E_2000151,TEM2,low_mp3,vcc2020,fake
DF_E_2002793.flac,DF_E_2002793,TEM1,high_ogg,vcc2020,fake
DF_E_2004526.flac,DF_E_2004526,TEF2,low_ogg,vcc2020,fake
DF_E_2004891.flac,DF_E_2004891,VCC2TF1,high_mp3,vcc2018,fake
DF_E_2003015.flac,DF_E_2003015,VCC2TM2,low_mp3,vcc2018,fake
DF_E_2003181.flac,DF_E_2003181,TFF1,mp3m4a,vcc2020,fake
DF_E_2001677.flac,DF_E_2001677,VCC2TF1,low_mp3,vcc2018,fake
DF_E_2003917.flac,DF_E_2003917,VCC2TF1,high_mp3,vcc2018,fake
DF_E_2004046.flac,DF_E_2004046,TEF2,oggm4a,vcc2020,fake
DF_E_2003934.flac,DF_E_2003934,LA_0043,low_m4a,asvspoof,fake
DF_E_2004831.flac,DF_E_2004831,VCC2TM2,low_ogg,vcc2018,fake
DF_E_2003036.flac,DF_E_2003036,TEM2,nocodec,vcc2020,fake
DF_E_2000519.flac,DF_E_2000519,TFF1,high_m4a,vcc2020,fake
DF_E_2003533.flac,DF_E_2003533,VCC2TM1,low_mp3,vcc2018,fake
DF_E_2002651.flac,DF_E_2002651,VCC2TM2,low_mp3,vcc2018,fake
DF_E_2004873.flac,DF_E_2004873,TEF2,high_ogg,vcc2020,fake
DF_E_2004180.flac,DF_E_2004180,TFM1,low_mp3,vcc2020,fake
DF_E_2000528.flac,DF_E_2000528,TEF1,mp3m4a,vcc2020,fake
DF_E_2003109.flac,DF_E_2003109,VCC2TM1,oggm4a,vcc2018,fake
DF_E_2000459.flac,DF_E_2000459,TMF1,low_mp3,vcc2020,fake
DF_E_2001615.flac,DF_E_2001615,LA_0026,nocodec,asvspoof,fake
DF_E_2002396.flac,DF_E_2002396,TMF1,mp3m4a,vcc2020,fake
DF_E_2002299.flac,DF_E_2002299,TGF1,high_mp3,vcc2020,fake
DF_E_2003455.flac,DF_E_2003455,LA_0033,low_ogg,asvspoof,fake
DF_E_2000844.flac,DF_E_2000844,VCC2TM2,high_mp3,vcc2018,fake
DF_E_2000809.flac,DF_E_2000809,LA_0011,low_mp3,asvspoof,fake
DF_E_2004670.flac,DF_E_2004670,LA_0014,high_m4a,asvspoof,fake
DF_E_2000983.flac,DF_E_2000983,VCC2TF2,high_m4a,vcc2018,fake
DF_E_2000471.flac,DF_E_2000471,TFM1,high_mp3,vcc2020,fake
DF_E_2002687.flac,DF_E_2002687,VCC2TF1,nocodec,vcc2018,fake
DF_E_2003536.flac,DF_E_2003536,VCC2TM1,high_mp3,vcc2018,fake
DF_E_2000058.flac,DF_E_2000058,LA_0048,mp3m4a,asvspoof,fake
DF_E_2000106.flac,DF_E_2000106,LA_0008,low_ogg,asvspoof,fake
DF_E_2003666.flac,DF_E_2003666,VCC2TM2,high_m4a,vcc2018,fake
DF_E_2001639.flac,DF_E_2001639,VCC2TM2,mp3m4a,vcc2018,fake
DF_E_2000596.flac,DF_E_2000596,TGF1,oggm4a,vcc2020,fake
DF_E_2002075.flac,DF_E_2002075,VCC2TF1,low_m4a,vcc2018,fake
DF_E_2003503.flac,DF_E_2003503,TEF2,high_mp3,vcc2020,fake
DF_E_2000243.flac,DF_E_2000243,TMF1,oggm4a,vcc2020,fake
DF_E_2003502.flac,DF_E_2003502,LA_0039,high_ogg,asvspoof,fake
DF_E_2004422.flac,DF_E_2004422,VCC2TF2,nocodec,vcc2018,fake
DF_E_2002050.flac,DF_E_2002050,VCC2TF2,high_mp3,vcc2018,fake
DF_E_2002680.flac,DF_E_2002680,TGF1,low_ogg,vcc2020,fake
DF_E_2004552.flac,DF_E_2004552,TGF1,high_mp3,vcc2020,fake
DF_E_2000339.flac,DF_E_2000339,TMF1,high_mp3,vcc2020,fake
DF_E_2000356.flac,DF_E_2000356,TEM1,oggm4a,vcc2020,fake
DF_E_2000866.flac,DF_E_2000866,VCC2TM1,high_mp3,vcc2018,fake
DF_E_2004862.flac,DF_E_2004862,TGM1,low_m4a,vcc2020,fake
DF_E_2002527.flac,DF_E_2002527,TMF1,high_m4a,vcc2020,fake
DF_E_2003526.flac,DF_E_2003526,VCC2TM1,low_ogg,vcc2018,fake
DF_E_2001973.flac,DF_E_2001973,LA_0023,nocodec,asvspoof,fake
DF_E_2000943.flac,DF_E_2000943,VCC2TM1,nocodec,vcc2018,fake
DF_E_2004631.flac,DF_E_2004631,TGM1,low_mp3,vcc2020,fake
DF_E_2003303.flac,DF_E_2003303,TGF1,mp3m4a,vcc2020,fake
DF_E_2002830.flac,DF_E_2002830,TFF1,low_m4a,vcc2020,fake
DF_E_2000147.flac,DF_E_2000147,VCC2TF2,nocodec,vcc2018,fake
DF_E_2003872.flac,DF_E_2003872,LA_0040,mp3m4a,asvspoof,fake
DF_E_2004863.flac,DF_E_2004863,LA_0001,high_m4a,asvspoof,fake
DF_E_2000865.flac,DF_E_2000865,VCC2TF1,low_ogg,vcc2018,fake
DF_E_2003277.flac,DF_E_2003277,TEF2,oggm4a,vcc2020,fake
DF_E_2001714.flac,DF_E_2001714,LA_0022,low_ogg,asvspoof,fake
DF_E_2003264.flac,DF_E_2003264,TFF1,mp3m4a,vcc2020,fake
DF_E_2000694.flac,DF_E_2000694,VCC2TF1,high_m4a,vcc2018,fake
DF_E_2002281.flac,DF_E_2002281,TEM2,high_ogg,vcc2020,fake
DF_E_2000218.flac,DF_E_2000218,VCC2TF2,oggm4a,vcc2018,fake
DF_E_2000714.flac,DF_E_2000714,TEM2,low_m4a,vcc2020,fake
DF_E_2004591.flac,DF_E_2004591,LA_0041,mp3m4a,asvspoof,fake
DF_E_2000643.flac,DF_E_2000643,TMF1,high_ogg,vcc2020,fake
DF_E_2003270.flac,DF_E_2003270,VCC2TF1,high_m4a,vcc2018,fake
DF_E_2004147.flac,DF_E_2004147,TMM1,nocodec,vcc2020,fake
DF_E_2000526.flac,DF_E_2000526,LA_0044,oggm4a,asvspoof,fake
DF_E_2004249.flac,DF_E_2004249,LA_0033,low_m4a,asvspoof,fake
DF_E_2001143.flac,DF_E_2001143,LA_0021,nocodec,asvspoof,fake
DF_E_2003652.flac,DF_E_2003652,LA_0046,high_m4a,asvspoof,fake
DF_E_2002879.flac,DF_E_2002879,TMF1,low_m4a,vcc2020,fake
DF_E_2002510.flac,DF_E_2002510,TEF1,low_mp3,vcc2020,fake
DF_E_2002892.flac,DF_E_2002892,VCC2TM1,high_ogg,vcc2018,fake
DF_E_2000126.flac,DF_E_2000126,TGM1,high_mp3,vcc2020,fake
DF_E_2004617.flac,DF_E_2004617,VCC2TM1,low_m4a,vcc2018,fake
DF_E_2001340.flac,DF_E_2001340,VCC2TF1,oggm4a,vcc2018,fake
DF_E_2000896.flac,DF_E_2000896,TEM2,high_mp3,vcc2020,fake
DF_E_2000075.flac,DF_E_2000075,LA_0046,high_m4a,asvspoof,fake
DF_E_2003797.flac,DF_E_2003797,LA_0045,low_ogg,asvspoof,fake
DF_E_2004120.flac,DF_E_2004120,TFM1,mp3m4a,vcc2020,fake
DF_E_2004408.flac,DF_E_2004408,TMM1,low_mp3,vcc2020,fake
DF_E_2002728.flac,DF_E_2002728,LA_0003,low_m4a,asvspoof,fake
DF_E_2001490.flac,DF_E_2001490,LA_0013,low_m4a,asvspoof,fake
DF_E_2000538.flac,DF_E_2000538,TEF1,nocodec,vcc2020,fake
DF_E_2003434.flac,DF_E_2003434,TFM1,low_m4a,vcc2020,fake
DF_E_2000898.flac,DF_E_2000898,LA_0039,high_ogg,asvspoof,fake
DF_E_2004503.flac,DF_E_2004503,TEF1,nocodec,vcc2020,fake
DF_E_2001987.flac,DF_E_2001987,TEM2,low_ogg,vcc2020,fake
DF_E_2004534.flac,DF_E_2004534,LA_0035,mp3m4a,asvspoof,fake
DF_E_2000841.flac,DF_E_2000841,TEF2,high_m4a,vcc2020,fake
DF_E_2000574.flac,DF_E_2000574,VCC2TM2,low_m4a,vcc2018,fake
DF_E_2000302.flac,DF_E_2000302,TEM1,mp3m4a,vcc2020,fake
DF_E_2002665.flac,DF_E_2002665,VCC2TM2,mp3m4a,vcc2018,fake
DF_E_2002934.flac,DF_E_2002934,LA_0001,low_mp3,asvspoof,fake
DF_E_2003920.flac,DF_E_2003920,TFM1,mp3m4a,vcc2020,fake
DF_E_2004202.flac,DF_E_2004202,VCC2TM2,high_ogg,vcc2018,fake
DF_E_2004404.flac,DF_E_2004404,TEF2,oggm4a,vcc2020,fake
DF_E_2000366.flac,DF_E_2000366,TEF2,high_m4a,vcc2020,fake
DF_E_2002374.flac,DF_E_2002374,TGF1,nocodec,vcc2020,fake
DF_E_2004472.flac,DF_E_2004472,TFF1,oggm4a,vcc2020,fake
DF_E_2001672.flac,DF_E_2001672,VCC2TM2,high_mp3,vcc2018,fake
DF_E_2000877.flac,DF_E_2000877,VCC2TF2,low_mp3,vcc2018,fake
DF_E_2004006.flac,DF_E_2004006,VCC2TM2,low_ogg,vcc2018,fake
DF_E_2002660.flac,DF_E_2002660,VCC2TM1,low_ogg,vcc2018,fake
DF_E_2004146.flac,DF_E_2004146,TMM1,low_ogg,vcc2020,fake
DF_E_2001412.flac,DF_E_2001412,VCC2TM2,high_mp3,vcc2018,fake
DF_E_2000583.flac,DF_E_2000583,VCC2TF1,low_m4a,vcc2018,fake
DF_E_2002921.flac,DF_E_2002921,LA_0046,high_ogg,asvspoof,fake
DF_E_2001231.flac,DF_E_2001231,VCC2TF1,low_m4a,vcc2018,fake
DF_E_2000433.flac,DF_E_2000433,LA_0014,high_ogg,asvspoof,fake
DF_E_2002308.flac,DF_E_2002308,VCC2TF1,low_ogg,vcc2018,fake
DF_E_2003394.flac,DF_E_2003394,TMM1,mp3m4a,vcc2020,fake
DF_E_2002863.flac,DF_E_2002863,TEF2,mp3m4a,vcc2020,fake
DF_E_2002958.flac,DF_E_2002958,LA_0042,high_m4a,asvspoof,fake
DF_E_2003230.flac,DF_E_2003230,LA_0026,low_m4a,asvspoof,fake
DF_E_2000434.flac,DF_E_2000434,TEM1,oggm4a,vcc2020,fake
DF_E_2003002.flac,DF_E_2003002,LA_0047,oggm4a,asvspoof,fake
DF_E_2000475.flac,DF_E_2000475,TEM1,high_mp3,vcc2020,fake
DF_E_2004100.flac,DF_E_2004100,TMM1,mp3m4a,vcc2020,fake
DF_E_2004197.flac,DF_E_2004197,TMF1,high_mp3,vcc2020,fake
DF_E_2002504.flac,DF_E_2002504,VCC2TF2,high_mp3,vcc2018,fake
DF_E_2003527.flac,DF_E_2003527,TFF1,high_m4a,vcc2020,fake
DF_E_2001369.flac,DF_E_2001369,LA_0044,nocodec,asvspoof,fake
DF_E_2004433.flac,DF_E_2004433,TMM1,high_ogg,vcc2020,fake
DF_E_2000200.flac,DF_E_2000200,VCC2TM1,low_m4a,vcc2018,fake
DF_E_2003999.flac,DF_E_2003999,TMM1,high_mp3,vcc2020,fake
DF_E_2004857.flac,DF_E_2004857,TMF1,low_mp3,vcc2020,fake
DF_E_2001816.flac,DF_E_2001816,VCC2TF2,low_m4a,vcc2018,fake
DF_E_2004338.flac,DF_E_2004338,TEF2,low_ogg,vcc2020,fake
DF_E_2001628.flac,DF_E_2001628,TEM1,low_m4a,vcc2020,fake
DF_E_2002407.flac,DF_E_2002407,TEM2,high_ogg,vcc2020,fake
DF_E_2002268.flac,DF_E_2002268,VCC2TM2,high_ogg,vcc2018,fake
DF_E_2000563.flac,DF_E_2000563,LA_0032,high_ogg,asvspoof,fake
DF_E_2000100.flac,DF_E_2000100,TEM2,high_m4a,vcc2020,fake
DF_E_2002169.flac,DF_E_2002169,TEF1,high_ogg,vcc2020,fake
DF_E_2004295.flac,DF_E_2004295,VCC2TF1,mp3m4a,vcc2018,fake
DF_E_2003457.flac,DF_E_2003457,VCC2TM1,nocodec,vcc2018,fake
DF_E_2001875.flac,DF_E_2001875,VCC2TF2,high_mp3,vcc2018,fake
DF_E_2002484.flac,DF_E_2002484,VCC2TM2,mp3m4a,vcc2018,fake
DF_E_2000382.flac,DF_E_2000382,TMF1,high_ogg,vcc2020,fake
DF_E_2003820.flac,DF_E_2003820,VCC2TF1,high_m4a,vcc2018,fake
DF_E_2003025.flac,DF_E_2003025,LA_0005,high_mp3,asvspoof,fake
DF_E_2003847.flac,DF_E_2003847,TFM1,low_mp3,vcc2020,fake
DF_E_2002239.flac,DF_E_2002239,TEF1,low_ogg,vcc2020,fake
DF_E_2000586.flac,DF_E_2000586,LA_0017,mp3m4a,asvspoof,fake
DF_E_2002686.flac,DF_E_2002686,VCC2TM2,low_ogg,vcc2018,fake
DF_E_2003363.flac,DF_E_2003363,VCC2TM2,high_mp3,vcc2018,fake
DF_E_2001758.flac,DF_E_2001758,LA_0039,low_m4a,asvspoof,fake
DF_E_2003449.flac,DF_E_2003449,TMF1,high_mp3,vcc2020,fake
DF_E_2001824.flac,DF_E_2001824,TEF2,nocodec,vcc2020,fake
DF_E_2004040.flac,DF_E_2004040,TFM1,low_mp3,vcc2020,fake
DF_E_2001576.flac,DF_E_2001576,TFF1,oggm4a,vcc2020,fake
DF_E_2000254.flac,DF_E_2000254,VCC2TF1,mp3m4a,vcc2018,fake
DF_E_2001405.flac,DF_E_2001405,TEM1,nocodec,vcc2020,fake
DF_E_2004412.flac,DF_E_2004412,LA_0039,low_m4a,asvspoof,fake
DF_E_2001749.flac,DF_E_2001749,VCC2TF1,low_m4a,vcc2018,fake
DF_E_2001087.flac,DF_E_2001087,VCC2TM2,nocodec,vcc2018,fake
DF_E_2002979.flac,DF_E_2002979,TEM1,low_mp3,vcc2020,fake
DF_E_2002594.flac,DF_E_2002594,LA_0023,high_mp3,asvspoof,fake
DF_E_2000524.flac,DF_E_2000524,TEM2,low_ogg,vcc2020,fake
DF_E_2003479.flac,DF_E_2003479,TEF2,nocodec,vcc2020,fake
DF_E_2001263.flac,DF_E_2001263,LA_0014,mp3m4a,asvspoof,fake
DF_E_2004527.flac,DF_E_2004527,LA_0022,low_mp3,asvspoof,fake
DF_E_2002409.flac,DF_E_2002409,TMM1,mp3m4a,vcc2020,fake
DF_E_2002675.flac,DF_E_2002675,TEF1,mp3m4a,vcc2020,fake
DF_E_2004756.flac,DF_E_2004756,TEM2,low_mp3,vcc2020,fake
DF_E_2002081.flac,DF_E_2002081,LA_0030,high_ogg,asvspoof,fake
DF_E_2002969.flac,DF_E_2002969,VCC2TF2,low_ogg,vcc2018,fake
DF_E_2003460.flac,DF_E_2003460,VCC2TM2,mp3m4a,vcc2018,fake
DF_E_2004199.flac,DF_E_2004199,LA_0018,nocodec,asvspoof,fake
DF_E_2003084.flac,DF_E_2003084,TEM1,high_mp3,vcc2020,fake
DF_E_2004066.flac,DF_E_2004066,LA_0013,high_ogg,asvspoof,fake
DF_E_2001670.flac,DF_E_2001670,TEF1,low_mp3,vcc2020,fake
DF_E_2003100.flac,DF_E_2003100,TGF1,low_ogg,vcc2020,fake
DF_E_2003605.flac,DF_E_2003605,TMF1,low_mp3,vcc2020,fake
DF_E_2002699.flac,DF_E_2002699,VCC2TM1,low_m4a,vcc2018,fake
DF_E_2003108.flac,DF_E_2003108,LA_0005,high_ogg,asvspoof,fake
DF_E_2003885.flac,DF_E_2003885,TGM1,mp3m4a,vcc2020,fake
DF_E_2002974.flac,DF_E_2002974,LA_0023,low_m4a,asvspoof,fake
DF_E_2001183.flac,DF_E_2001183,TGF1,nocodec,vcc2020,fake
DF_E_2000653.flac,DF_E_2000653,VCC2TM1,low_mp3,vcc2018,fake
DF_E_2000978.flac,DF_E_2000978,VCC2TF2,nocodec,vcc2018,fake
DF_E_2001489.flac,DF_E_2001489,TEF2,high_ogg,vcc2020,fake
DF_E_2002807.flac,DF_E_2002807,TGF1,low_m4a,vcc2020,fake
DF_E_2001887.flac,DF_E_2001887,TEF1,high_mp3,vcc2020,fake
DF_E_2002526.flac,DF_E_2002526,LA_0001,low_m4a,asvspoof,fake
DF_E_2004793.flac,DF_E_2004793,VCC2TM1,high_ogg,vcc2018,fake
DF_E_2003551.flac,DF_E_2003551,TEF1,low_mp3,vcc2020,fake
DF_E_2002486.flac,DF_E_2002486,LA_0010,nocodec,asvspoof,fake
DF_E_2004745.flac,DF_E_2004745,TEM2,low_ogg,vcc2020,fake
DF_E_2004281.flac,DF_E_2004281,VCC2TM1,mp3m4a,vcc2018,fake
DF_E_2001042.flac,DF_E_2001042,LA_0043,mp3m4a,asvspoof,fake
DF_E_2001163.flac,DF_E_2001163,LA_0019,high_ogg,asvspoof,fake
DF_E_2000027.flac,DF_E_2000027,LA_0021,mp3m4a,asvspoof,fake
DF_E_2003555.flac,DF_E_2003555,TFF1,high_m4a,vcc2020,fake
DF_E_2003284.flac,DF_E_2003284,TFF1,high_m4a,vcc2020,fake
DF_E_2003250.flac,DF_E_2003250,TEM1,low_m4a,vcc2020,fake
DF_E_2003110.flac,DF_E_2003110,VCC2TF1,low_ogg,vcc2018,fake
DF_E_2003693.flac,DF_E_2003693,TMM1,low_ogg,vcc2020,fake
DF_E_2004910.flac,DF_E_2004910,TEF2,low_ogg,vcc2020,fake
DF_E_2002084.flac,DF_E_2002084,VCC2TM1,low_ogg,vcc2018,fake
DF_E_2004605.flac,DF_E_2004605,TFM1,nocodec,vcc2020,fake
DF_E_2002532.flac,DF_E_2002532,LA_0009,high_m4a,asvspoof,fake
DF_E_2004116.flac,DF_E_2004116,TEF2,low_m4a,vcc2020,fake
DF_E_2001149.flac,DF_E_2001149,LA_0011,oggm4a,asvspoof,fake
DF_E_2001969.flac,DF_E_2001969,VCC2TF2,low_ogg,vcc2018,fake
DF_E_2000640.flac,DF_E_2000640,TGF1,oggm4a,vcc2020,fake
DF_E_2004013.flac,DF_E_2004013,VCC2TF2,low_m4a,vcc2018,fake
DF_E_2000398.flac,DF_E_2000398,LA_0011,low_m4a,asvspoof,fake
DF_E_2002025.flac,DF_E_2002025,TGF1,low_ogg,vcc2020,fake
DF_E_2003817.flac,DF_E_2003817,LA_0047,mp3m4a,asvspoof,fake
DF_E_2001975.flac,DF_E_2001975,LA_0041,high_mp3,asvspoof,fake
DF_E_2000353.flac,DF_E_2000353,LA_0013,oggm4a,asvspoof,fake
DF_E_2000048.flac,DF_E_2000048,VCC2TM1,high_m4a,vcc2018,fake
DF_E_2000473.flac,DF_E_2000473,VCC2TF2,low_ogg,vcc2018,fake
DF_E_2003748.flac,DF_E_2003748,VCC2TF2,high_m4a,vcc2018,fake
DF_E_2001190.flac,DF_E_2001190,LA_0021,low_mp3,asvspoof,fake
DF_E_2001485.flac,DF_E_2001485,TGF1,nocodec,vcc2020,fake
DF_E_2003198.flac,DF_E_2003198,LA_0046,low_ogg,asvspoof,fake
DF_E_2000408.flac,DF_E_2000408,LA_0040,low_mp3,asvspoof,fake
DF_E_2003760.flac,DF_E_2003760,VCC2TF1,nocodec,vcc2018,fake
DF_E_2002428.flac,DF_E_2002428,VCC2TF1,low_mp3,vcc2018,fake
DF_E_2003008.flac,DF_E_2003008,LA_0016,high_ogg,asvspoof,fake
DF_E_2003519.flac,DF_E_2003519,LA_0032,low_ogg,asvspoof,fake
DF_E_2003993.flac,DF_E_2003993,TMF1,low_ogg,vcc2020,fake
DF_E_2000348.flac,DF_E_2000348,TEM1,oggm4a,vcc2020,fake
DF_E_2001903.flac,DF_E_2001903,VCC2TF1,high_m4a,vcc2018,fake
DF_E_2001772.flac,DF_E_2001772,LA_0004,nocodec,asvspoof,fake
DF_E_2003956.flac,DF_E_2003956,TGM1,oggm4a,vcc2020,fake
DF_E_2000311.flac,DF_E_2000311,LA_0018,oggm4a,asvspoof,fake
DF_E_2002278.flac,DF_E_2002278,TEM2,high_m4a,vcc2020,fake
DF_E_2003012.flac,DF_E_2003012,LA_0001,high_ogg,asvspoof,fake
DF_E_2002984.flac,DF_E_2002984,LA_0011,low_m4a,asvspoof,fake
DF_E_2003442.flac,DF_E_2003442,TMM1,high_mp3,vcc2020,fake
DF_E_2003643.flac,DF_E_2003643,VCC2TF2,nocodec,vcc2018,fake
DF_E_2001226.flac,DF_E_2001226,VCC2TF1,low_ogg,vcc2018,fake
DF_E_2002753.flac,DF_E_2002753,TMM1,mp3m4a,vcc2020,fake
DF_E_2002090.flac,DF_E_2002090,TEM1,oggm4a,vcc2020,fake
DF_E_2000910.flac,DF_E_2000910,LA_0027,high_ogg,asvspoof,fake
DF_E_2001499.flac,DF_E_2001499,VCC2TF1,low_ogg,vcc2018,fake
DF_E_2004243.flac,DF_E_2004243,TEM2,low_mp3,vcc2020,fake
DF_E_2003282.flac,DF_E_2003282,LA_0036,high_mp3,asvspoof,fake
DF_E_2003773.flac,DF_E_2003773,LA_0046,low_m4a,asvspoof,fake
DF_E_2000199.flac,DF_E_2000199,VCC2TM1,high_mp3,vcc2018,fake
DF_E_2001915.flac,DF_E_2001915,LA_0001,high_mp3,asvspoof,fake
DF_E_2004525.flac,DF_E_2004525,LA_0043,oggm4a,asvspoof,fake
DF_E_2003886.flac,DF_E_2003886,TEM2,oggm4a,vcc2020,fake
DF_E_2004912.flac,DF_E_2004912,TEM2,high_mp3,vcc2020,fake
DF_E_2003900.flac,DF_E_2003900,VCC2TF2,high_m4a,vcc2018,fake
DF_E_2001030.flac,DF_E_2001030,TMF1,high_m4a,vcc2020,fake
DF_E_2000875.flac,DF_E_2000875,VCC2TF2,mp3m4a,vcc2018,fake
DF_E_2002972.flac,DF_E_2002972,TGM1,oggm4a,vcc2020,fake
DF_E_2000698.flac,DF_E_2000698,LA_0014,nocodec,asvspoof,fake
DF_E_2002978.flac,DF_E_2002978,VCC2TM2,high_ogg,vcc2018,fake
DF_E_2004476.flac,DF_E_2004476,LA_0010,low_m4a,asvspoof,fake
DF_E_2004920.flac,DF_E_2004920,LA_0036,high_m4a,asvspoof,fake
DF_E_2002709.flac,DF_E_2002709,LA_0042,high_mp3,asvspoof,fake
DF_E_2003087.flac,DF_E_2003087,TMF1,high_ogg,vcc2020,fake
DF_E_2001984.flac,DF_E_2001984,VCC2TM1,oggm4a,vcc2018,fake
DF_E_2003669.flac,DF_E_2003669,TMM1,low_mp3,vcc2020,fake
DF_E_2001776.flac,DF_E_2001776,LA_0011,low_mp3,asvspoof,fake
DF_E_2002310.flac,DF_E_2002310,LA_0026,high_ogg,asvspoof,fake
DF_E_2003362.flac,DF_E_2003362,LA_0036,oggm4a,asvspoof,fake
DF_E_2004509.flac,DF_E_2004509,TEF2,high_mp3,vcc2020,fake
DF_E_2003433.flac,DF_E_2003433,VCC2TM2,low_ogg,vcc2018,fake
DF_E_2000847.flac,DF_E_2000847,VCC2TM2,high_ogg,vcc2018,fake
DF_E_2000115.flac,DF_E_2000115,LA_0028,mp3m4a,asvspoof,fake
DF_E_2004751.flac,DF_E_2004751,TFM1,low_mp3,vcc2020,fake
DF_E_2000476.flac,DF_E_2000476,VCC2TF2,high_ogg,vcc2018,fake
DF_E_2003406.flac,DF_E_2003406,TEF2,high_m4a,vcc2020,fake
DF_E_2000344.flac,DF_E_2000344,VCC2TF1,mp3m4a,vcc2018,fake
DF_E_2001328.flac,DF_E_2001328,LA_0017,nocodec,asvspoof,fake
DF_E_2004419.flac,DF_E_2004419,LA_0014,low_ogg,asvspoof,fake
DF_E_2002749.flac,DF_E_2002749,TEM1,low_ogg,vcc2020,fake
DF_E_2001774.flac,DF_E_2001774,TEF2,low_ogg,vcc2020,fake
DF_E_2004731.flac,DF_E_2004731,TGF1,low_m4a,vcc2020,fake
DF_E_2003274.flac,DF_E_2003274,VCC2TF2,high_mp3,vcc2018,fake
DF_E_2001712.flac,DF_E_2001712,LA_0024,low_ogg,asvspoof,fake
DF_E_2001083.flac,DF_E_2001083,VCC2TF1,mp3m4a,vcc2018,fake
DF_E_2001767.flac,DF_E_2001767,TEF1,high_mp3,vcc2020,fake
DF_E_2001789.flac,DF_E_2001789,TEF1,high_m4a,vcc2020,fake
DF_E_2000634.flac,DF_E_2000634,TFF1,high_ogg,vcc2020,fake
DF_E_2004265.flac,DF_E_2004265,TMF1,low_m4a,vcc2020,fake
DF_E_2000887.flac,DF_E_2000887,LA_0023,mp3m4a,asvspoof,fake
DF_E_2001539.flac,DF_E_2001539,VCC2TF1,high_m4a,vcc2018,fake
DF_E_2002983.flac,DF_E_2002983,VCC2TM1,mp3m4a,vcc2018,fake
DF_E_2004473.flac,DF_E_2004473,TEF2,mp3m4a,vcc2020,fake
DF_E_2003858.flac,DF_E_2003858,TMF1,nocodec,vcc2020,fake
DF_E_2000646.flac,DF_E_2000646,TFF1,mp3m4a,vcc2020,fake
DF_E_2004894.flac,DF_E_2004894,TMM1,low_m4a,vcc2020,fake
DF_E_2001112.flac,DF_E_2001112,TEM2,mp3m4a,vcc2020,fake
DF_E_2002505.flac,DF_E_2002505,VCC2TF2,low_mp3,vcc2018,fake
DF_E_2001626.flac,DF_E_2001626,VCC2TF1,high_mp3,vcc2018,fake
DF_E_2004096.flac,DF_E_2004096,TEM1,high_m4a,vcc2020,fake
DF_E_2001647.flac,DF_E_2001647,VCC2TM1,nocodec,vcc2018,fake
DF_E_2002938.flac,DF_E_2002938,TGM1,high_mp3,vcc2020,fake
DF_E_2000406.flac,DF_E_2000406,VCC2TM2,high_ogg,vcc2018,fake
DF_E_2004077.flac,DF_E_2004077,LA_0030,nocodec,asvspoof,fake
DF_E_2004836.flac,DF_E_2004836,TEM1,low_ogg,vcc2020,fake
DF_E_2004389.flac,DF_E_2004389,LA_0003,high_m4a,asvspoof,fake
DF_E_2001994.flac,DF_E_2001994,LA_0022,low_mp3,asvspoof,fake
DF_E_2004401.flac,DF_E_2004401,LA_0033,high_ogg,asvspoof,fake
DF_E_2003969.flac,DF_E_2003969,TMM1,nocodec,vcc2020,fake
DF_E_2000142.flac,DF_E_2000142,VCC2TM1,oggm4a,vcc2018,fake
DF_E_2001854.flac,DF_E_2001854,TEF2,low_ogg,vcc2020,fake
DF_E_2004030.flac,DF_E_2004030,VCC2TF1,low_m4a,vcc2018,fake
DF_E_2004239.flac,DF_E_2004239,TGM1,mp3m4a,vcc2020,fake
DF_E_2000266.flac,DF_E_2000266,VCC2TF1,nocodec,vcc2018,fake
DF_E_2000892.flac,DF_E_2000892,TMF1,low_mp3,vcc2020,fake
DF_E_2001184.flac,DF_E_2001184,VCC2TF1,high_m4a,vcc2018,fake
DF_E_2000676.flac,DF_E_2000676,VCC2SM1,low_ogg,vcc2018,fake
DF_E_2003316.flac,DF_E_2003316,TGF1,low_ogg,vcc2020,fake
DF_E_2002030.flac,DF_E_2002030,VCC2TM2,low_ogg,vcc2018,fake
DF_E_2003389.flac,DF_E_2003389,TEF2,nocodec,vcc2020,fake
DF_E_2003603.flac,DF_E_2003603,VCC2TF2,nocodec,vcc2018,fake
DF_E_2002853.flac,DF_E_2002853,TEM1,nocodec,vcc2020,fake
DF_E_2004276.flac,DF_E_2004276,LA_0041,high_ogg,asvspoof,fake
DF_E_2000775.flac,DF_E_2000775,LA_0010,high_ogg,asvspoof,fake
DF_E_2003480.flac,DF_E_2003480,TFM1,low_m4a,vcc2020,fake
DF_E_2001150.flac,DF_E_2001150,VCC2TF2,high_m4a,vcc2018,fake
DF_E_2000117.flac,DF_E_2000117,TEF1,oggm4a,vcc2020,fake
DF_E_2000919.flac,DF_E_2000919,LA_0045,high_m4a,asvspoof,fake
DF_E_2004271.flac,DF_E_2004271,LA_0018,oggm4a,asvspoof,fake
DF_E_2003473.flac,DF_E_2003473,TGF1,oggm4a,vcc2020,fake
DF_E_2002917.flac,DF_E_2002917,TGM1,high_mp3,vcc2020,fake
DF_E_2002714.flac,DF_E_2002714,LA_0046,high_ogg,asvspoof,fake
DF_E_2001423.flac,DF_E_2001423,TFM1,nocodec,vcc2020,fake
DF_E_2000049.flac,DF_E_2000049,LA_0032,mp3m4a,asvspoof,fake
DF_E_2002537.flac,DF_E_2002537,VCC2TM2,oggm4a,vcc2018,fake
DF_E_2004301.flac,DF_E_2004301,TGF1,high_m4a,vcc2020,fake
DF_E_2001407.flac,DF_E_2001407,TGF1,low_ogg,vcc2020,fake
DF_E_2000511.flac,DF_E_2000511,VCC2TF2,mp3m4a,vcc2018,fake
DF_E_2004886.flac,DF_E_2004886,LA_0047,low_ogg,asvspoof,fake
DF_E_2004418.flac,DF_E_2004418,TEF1,low_mp3,vcc2020,fake
DF_E_2004880.flac,DF_E_2004880,VCC2TF2,nocodec,vcc2018,fake
DF_E_2004069.flac,DF_E_2004069,LA_0021,mp3m4a,asvspoof,fake
DF_E_2000921.flac,DF_E_2000921,TFM1,high_m4a,vcc2020,fake
DF_E_2000102.flac,DF_E_2000102,LA_0026,high_m4a,asvspoof,fake
DF_E_2000540.flac,DF_E_2000540,TFM1,high_ogg,vcc2020,fake
DF_E_2000700.flac,DF_E_2000700,VCC2TF2,oggm4a,vcc2018,fake
DF_E_2000633.flac,DF_E_2000633,VCC2TM1,low_ogg,vcc2018,fake
DF_E_2002174.flac,DF_E_2002174,TMF1,low_m4a,vcc2020,fake
DF_E_2003320.flac,DF_E_2003320,VCC2TM1,oggm4a,vcc2018,fake
DF_E_2004405.flac,DF_E_2004405,TFF1,low_m4a,vcc2020,fake
DF_E_2002187.flac,DF_E_2002187,LA_0035,high_mp3,asvspoof,fake
DF_E_2003860.flac,DF_E_2003860,LA_0014,high_ogg,asvspoof,fake
DF_E_2000160.flac,DF_E_2000160,TMF1,nocodec,vcc2020,fake
DF_E_2003936.flac,DF_E_2003936,LA_0014,low_mp3,asvspoof,fake
DF_E_2003245.flac,DF_E_2003245,TEF1,high_m4a,vcc2020,fake
DF_E_2001436.flac,DF_E_2001436,TEF1,low_mp3,vcc2020,fake
DF_E_2000879.flac,DF_E_2000879,VCC2TM1,low_ogg,vcc2018,fake
DF_E_2002456.flac,DF_E_2002456,VCC2TM1,high_m4a,vcc2018,fake
DF_E_2001947.flac,DF_E_2001947,TGM1,nocodec,vcc2020,fake
DF_E_2002964.flac,DF_E_2002964,VCC2TM1,nocodec,vcc2018,fake
DF_E_2002867.flac,DF_E_2002867,VCC2TF2,oggm4a,vcc2018,fake
DF_E_2002501.flac,DF_E_2002501,VCC2TM1,nocodec,vcc2018,fake
DF_E_2004186.flac,DF_E_2004186,LA_0018,low_mp3,asvspoof,fake
DF_E_2002416.flac,DF_E_2002416,VCC2TF1,high_mp3,vcc2018,fake
DF_E_2002544.flac,DF_E_2002544,TMF1,nocodec,vcc2020,fake
DF_E_2003721.flac,DF_E_2003721,TFF1,high_mp3,vcc2020,fake
DF_E_2004704.flac,DF_E_2004704,TEM2,high_ogg,vcc2020,fake
DF_E_2004252.flac,DF_E_2004252,VCC2TM2,high_m4a,vcc2018,fake
DF_E_2002605.flac,DF_E_2002605,VCC2TF1,nocodec,vcc2018,fake
DF_E_2000096.flac,DF_E_2000096,VCC2TF1,high_ogg,vcc2018,fake
DF_E_2000488.flac,DF_E_2000488,TEF1,low_mp3,vcc2020,fake
DF_E_2002966.flac,DF_E_2002966,TEF2,low_ogg,vcc2020,fake
DF_E_2004796.flac,DF_E_2004796,TEF2,nocodec,vcc2020,fake
DF_E_2004395.flac,DF_E_2004395,TEM2,low_mp3,vcc2020,fake
DF_E_2002113.flac,DF_E_2002113,VCC2TM1,mp3m4a,vcc2018,fake
DF_E_2003235.flac,DF_E_2003235,LA_0042,oggm4a,asvspoof,fake
DF_E_2002545.flac,DF_E_2002545,VCC2TF1,mp3m4a,vcc2018,fake
DF_E_2001507.flac,DF_E_2001507,LA_0018,mp3m4a,asvspoof,fake
DF_E_2004543.flac,DF_E_2004543,TGF1,oggm4a,vcc2020,fake
DF_E_2001695.flac,DF_E_2001695,TEM2,low_ogg,vcc2020,fake
DF_E_2002328.flac,DF_E_2002328,TEF1,nocodec,vcc2020,fake
DF_E_2004014.flac,DF_E_2004014,VCC2TF2,oggm4a,vcc2018,fake
DF_E_2001359.flac,DF_E_2001359,LA_0048,high_m4a,asvspoof,fake
DF_E_2001279.flac,DF_E_2001279,TGM1,high_m4a,vcc2020,fake
DF_E_2004466.flac,DF_E_2004466,LA_0042,high_ogg,asvspoof,fake
DF_E_2000180.flac,DF_E_2000180,LA_0040,high_m4a,asvspoof,fake
DF_E_2003043.flac,DF_E_2003043,VCC2TM2,mp3m4a,vcc2018,fake
DF_E_2000749.flac,DF_E_2000749,TFF1,high_mp3,vcc2020,fake
DF_E_2000211.flac,DF_E_2000211,TMF1,high_mp3,vcc2020,fake
DF_E_2004828.flac,DF_E_2004828,TMF1,low_mp3,vcc2020,fake
DF_E_2002591.flac,DF_E_2002591,VCC2TM2,low_m4a,vcc2018,fake
DF_E_2003459.flac,DF_E_2003459,LA_0021,nocodec,asvspoof,fake
DF_E_2003621.flac,DF_E_2003621,TGM1,low_m4a,vcc2020,fake
DF_E_2002712.flac,DF_E_2002712,TGF1,high_m4a,vcc2020,fake
DF_E_2001793.flac,DF_E_2001793,LA_0015,mp3m4a,asvspoof,fake
DF_E_2004722.flac,DF_E_2004722,TFF1,high_m4a,vcc2020,fake
DF_E_2002634.flac,DF_E_2002634,TEM2,high_ogg,vcc2020,fake
DF_E_2000137.flac,DF_E_2000137,LA_0018,oggm4a,asvspoof,fake
DF_E_2000732.flac,DF_E_2000732,TFM1,low_mp3,vcc2020,fake
DF_E_2000961.flac,DF_E_2000961,TGF1,low_m4a,vcc2020,fake
DF_E_2000530.flac,DF_E_2000530,VCC2TM2,high_mp3,vcc2018,fake
DF_E_2002792.flac,DF_E_2002792,TEF1,low_m4a,vcc2020,fake
DF_E_2002202.flac,DF_E_2002202,LA_0041,high_m4a,asvspoof,fake
DF_E_2000928.flac,DF_E_2000928,TMF1,low_m4a,vcc2020,fake
DF_E_2000403.flac,DF_E_2000403,VCC2TF1,high_mp3,vcc2018,fake
DF_E_2000091.flac,DF_E_2000091,TGF1,low_m4a,vcc2020,fake
DF_E_2001952.flac,DF_E_2001952,VCC2TM1,mp3m4a,vcc2018,fake
DF_E_2003713.flac,DF_E_2003713,TMM1,low_m4a,vcc2020,fake
DF_E_2000571.flac,DF_E_2000571,TEF2,low_m4a,vcc2020,fake
DF_E_2001515.flac,DF_E_2001515,VCC2TM1,mp3m4a,vcc2018,fake
DF_E_2004259.flac,DF_E_2004259,VCC2TM2,high_mp3,vcc2018,fake
DF_E_2004233.flac,DF_E_2004233,VCC2TF1,high_m4a,vcc2018,fake
DF_E_2001735.flac,DF_E_2001735,VCC2TF1,low_ogg,vcc2018,fake
DF_E_2004505.flac,DF_E_2004505,LA_0023,nocodec,asvspoof,fake
DF_E_2001373.flac,DF_E_2001373,LA_0021,mp3m4a,asvspoof,fake
DF_E_2004568.flac,DF_E_2004568,TEM1,oggm4a,vcc2020,fake
DF_E_2002276.flac,DF_E_2002276,LA_0037,low_m4a,asvspoof,fake
DF_E_2002485.flac,DF_E_2002485,TMM1,low_m4a,vcc2020,fake
DF_E_2003416.flac,DF_E_2003416,TEM1,oggm4a,vcc2020,fake
DF_E_2000182.flac,DF_E_2000182,TEM2,high_m4a,vcc2020,fake
DF_E_2000965.flac,DF_E_2000965,VCC2TF2,high_mp3,vcc2018,fake
DF_E_2001792.flac,DF_E_2001792,TMM1,nocodec,vcc2020,fake
DF_E_2004358.flac,DF_E_2004358,VCC2TM2,mp3m4a,vcc2018,fake
DF_E_2001584.flac,DF_E_2001584,VCC2TM1,mp3m4a,vcc2018,fake
DF_E_2001199.flac,DF_E_2001199,VCC2TM1,mp3m4a,vcc2018,fake
DF_E_2001531.flac,DF_E_2001531,VCC2TF1,low_m4a,vcc2018,fake
DF_E_2002427.flac,DF_E_2002427,TMF1,low_mp3,vcc2020,fake
DF_E_2003561.flac,DF_E_2003561,TFM1,mp3m4a,vcc2020,fake
DF_E_2002883.flac,DF_E_2002883,VCC2TF2,low_m4a,vcc2018,fake
DF_E_2003784.flac,DF_E_2003784,TEM2,high_mp3,vcc2020,fake
DF_E_2001566.flac,DF_E_2001566,VCC2TM2,nocodec,vcc2018,fake
DF_E_2004547.flac,DF_E_2004547,TEM2,low_m4a,vcc2020,fake
DF_E_2002927.flac,DF_E_2002927,LA_0044,oggm4a,asvspoof,fake
DF_E_2003851.flac,DF_E_2003851,VCC2TF1,high_ogg,vcc2018,fake
DF_E_2001510.flac,DF_E_2001510,LA_0048,low_ogg,asvspoof,fake
DF_E_2000378.flac,DF_E_2000378,TGF1,oggm4a,vcc2020,fake
DF_E_2000024.flac,DF_E_2000024,TGF1,mp3m4a,vcc2020,fake
DF_E_2002583.flac,DF_E_2002583,LA_0035,oggm4a,asvspoof,fake
DF_E_2004523.flac,DF_E_2004523,TEF2,oggm4a,vcc2020,fake
DF_E_2000715.flac,DF_E_2000715,TEF2,high_m4a,vcc2020,fake
DF_E_2002586.flac,DF_E_2002586,VCC2TM1,low_m4a,vcc2018,fake
DF_E_2000053.flac,DF_E_2000053,VCC2TM2,mp3m4a,vcc2018,fake
DF_E_2002960.flac,DF_E_2002960,TMF1,oggm4a,vcc2020,fake
DF_E_2003961.flac,DF_E_2003961,LA_0046,high_m4a,asvspoof,fake
DF_E_2001006.flac,DF_E_2001006,TMM1,high_ogg,vcc2020,fake
DF_E_2001178.flac,DF_E_2001178,TEF1,low_ogg,vcc2020,fake
DF_E_2000993.flac,DF_E_2000993,VCC2TF1,low_m4a,vcc2018,fake
DF_E_2001193.flac,DF_E_2001193,VCC2TF1,nocodec,vcc2018,fake
DF_E_2002291.flac,DF_E_2002291,VCC2TM2,high_ogg,vcc2018,fake
DF_E_2004133.flac,DF_E_2004133,VCC2TF2,oggm4a,vcc2018,fake
DF_E_2004923.flac,DF_E_2004923,LA_0041,low_m4a,asvspoof,fake
DF_E_2000380.flac,DF_E_2000380,TFM1,low_ogg,vcc2020,fake
DF_E_2003204.flac,DF_E_2003204,TMM1,low_m4a,vcc2020,fake
DF_E_2000544.flac,DF_E_2000544,TGM1,high_mp3,vcc2020,fake
DF_E_2002434.flac,DF_E_2002434,VCC2TF1,low_mp3,vcc2018,fake
DF_E_2004117.flac,DF_E_2004117,TEF2,low_ogg,vcc2020,fake
DF_E_2001016.flac,DF_E_2001016,TFM1,oggm4a,vcc2020,fake
DF_E_2002037.flac,DF_E_2002037,TEF1,nocodec,vcc2020,fake
DF_E_2000834.flac,DF_E_2000834,TEF2,high_ogg,vcc2020,fake
DF_E_2001681.flac,DF_E_2001681,TFM1,low_ogg,vcc2020,fake
DF_E_2002976.flac,DF_E_2002976,TMF1,nocodec,vcc2020,fake
DF_E_2004475.flac,DF_E_2004475,LA_0032,mp3m4a,asvspoof,fake
DF_E_2002199.flac,DF_E_2002199,VCC2TF2,low_mp3,vcc2018,fake
DF_E_2000647.flac,DF_E_2000647,VCC2TF1,nocodec,vcc2018,fake
DF_E_2001122.flac,DF_E_2001122,TEF1,low_mp3,vcc2020,fake
DF_E_2003831.flac,DF_E_2003831,VCC2TM1,oggm4a,vcc2018,fake
DF_E_2000031.flac,DF_E_2000031,LA_0025,high_m4a,asvspoof,fake
DF_E_2001326.flac,DF_E_2001326,TEF1,low_mp3,vcc2020,fake
DF_E_2001280.flac,DF_E_2001280,TMF1,high_mp3,vcc2020,fake
DF_E_2003716.flac,DF_E_2003716,VCC2TM2,high_mp3,vcc2018,fake
DF_E_2004612.flac,DF_E_2004612,LA_0046,low_m4a,asvspoof,fake
DF_E_2003747.flac,DF_E_2003747,VCC2TF2,low_mp3,vcc2018,fake
DF_E_2004530.flac,DF_E_2004530,LA_0002,nocodec,asvspoof,fake
DF_E_2004582.flac,DF_E_2004582,VCC2TF1,low_m4a,vcc2018,fake
DF_E_2000179.flac,DF_E_2000179,LA_0023,nocodec,asvspoof,fake
DF_E_2003207.flac,DF_E_2003207,TGM1,oggm4a,vcc2020,fake
DF_E_2003521.flac,DF_E_2003521,TFM1,low_m4a,vcc2020,fake
DF_E_2002233.flac,DF_E_2002233,VCC2TF2,low_m4a,vcc2018,fake
DF_E_2004766.flac,DF_E_2004766,LA_0013,high_m4a,asvspoof,fake
DF_E_2003047.flac,DF_E_2003047,VCC2TF1,low_m4a,vcc2018,fake
DF_E_2003627.flac,DF_E_2003627,VCC2TF1,oggm4a,vcc2018,fake
DF_E_2002880.flac,DF_E_2002880,TFM1,low_ogg,vcc2020,fake
DF_E_2001769.flac,DF_E_2001769,VCC2TF2,low_mp3,vcc2018,fake
DF_E_2003326.flac,DF_E_2003326,TEM2,low_ogg,vcc2020,fake
DF_E_2002243.flac,DF_E_2002243,VCC2TF1,high_ogg,vcc2018,fake
DF_E_2001931.flac,DF_E_2001931,TFM1,high_m4a,vcc2020,fake
DF_E_2000545.flac,DF_E_2000545,TMM1,low_mp3,vcc2020,fake
DF_E_2001033.flac,DF_E_2001033,LA_0029,low_mp3,asvspoof,fake
DF_E_2000132.flac,DF_E_2000132,TMF1,low_mp3,vcc2020,fake
DF_E_2002667.flac,DF_E_2002667,TEM1,low_mp3,vcc2020,fake
DF_E_2000289.flac,DF_E_2000289,VCC2TF1,nocodec,vcc2018,fake
DF_E_2003903.flac,DF_E_2003903,TEF1,high_m4a,vcc2020,fake
DF_E_2002671.flac,DF_E_2002671,LA_0036,mp3m4a,asvspoof,fake
DF_E_2003044.flac,DF_E_2003044,TMF1,mp3m4a,vcc2020,fake
DF_E_2003642.flac,DF_E_2003642,VCC2TF1,low_mp3,vcc2018,fake
DF_E_2003539.flac,DF_E_2003539,TEF1,high_mp3,vcc2020,fake
DF_E_2002627.flac,DF_E_2002627,LA_0011,low_mp3,asvspoof,fake
DF_E_2003057.flac,DF_E_2003057,TGF1,high_m4a,vcc2020,fake
DF_E_2002683.flac,DF_E_2002683,VCC2TF1,oggm4a,vcc2018,fake
DF_E_2001348.flac,DF_E_2001348,LA_0023,nocodec,asvspoof,fake
DF_E_2002207.flac,DF_E_2002207,TFF1,nocodec,vcc2020,fake
DF_E_2000946.flac,DF_E_2000946,TGF1,mp3m4a,vcc2020,fake
DF_E_2001540.flac,DF_E_2001540,VCC2TM2,low_ogg,vcc2018,fake
DF_E_2000265.flac,DF_E_2000265,TEF2,mp3m4a,vcc2020,fake
DF_E_2000162.flac,DF_E_2000162,VCC2TF2,mp3m4a,vcc2018,fake
DF_E_2001142.flac,DF_E_2001142,LA_0026,mp3m4a,asvspoof,fake
DF_E_2004899.flac,DF_E_2004899,TMF1,high_mp3,vcc2020,fake
DF_E_2004721.flac,DF_E_2004721,VCC2TF1,low_mp3,vcc2018,fake
DF_E_2001785.flac,DF_E_2001785,TEF2,high_mp3,vcc2020,fake
DF_E_2000347.flac,DF_E_2000347,TMF1,low_m4a,vcc2020,fake
DF_E_2002273.flac,DF_E_2002273,VCC2TF1,low_m4a,vcc2018,fake
DF_E_2001801.flac,DF_E_2001801,LA_0043,mp3m4a,asvspoof,fake
DF_E_2004115.flac,DF_E_2004115,LA_0036,low_ogg,asvspoof,fake
DF_E_2002198.flac,DF_E_2002198,LA_0039,mp3m4a,asvspoof,fake
DF_E_2000466.flac,DF_E_2000466,LA_0013,low_mp3,asvspoof,fake
DF_E_2000125.flac,DF_E_2000125,TMM1,nocodec,vcc2020,fake
DF_E_2003447.flac,DF_E_2003447,LA_0032,high_m4a,asvspoof,fake
DF_E_2000464.flac,DF_E_2000464,LA_0023,oggm4a,asvspoof,fake
DF_E_2004487.flac,DF_E_2004487,VCC2TM1,nocodec,vcc2018,fake
DF_E_2000953.flac,DF_E_2000953,VCC2TM2,mp3m4a,vcc2018,fake
DF_E_2000346.flac,DF_E_2000346,TEM1,high_mp3,vcc2020,fake
DF_E_2003322.flac,DF_E_2003322,LA_0005,low_m4a,asvspoof,fake
DF_E_2002433.flac,DF_E_2002433,TFF1,low_ogg,vcc2020,fake
DF_E_2003904.flac,DF_E_2003904,VCC2TF1,mp3m4a,vcc2018,fake
DF_E_2003182.flac,DF_E_2003182,TEM2,low_m4a,vcc2020,fake
DF_E_2001860.flac,DF_E_2001860,VCC2TM2,low_m4a,vcc2018,fake
DF_E_2004399.flac,DF_E_2004399,VCC2TM1,high_m4a,vcc2018,fake
DF_E_2000040.flac,DF_E_2000040,VCC2TM1,low_m4a,vcc2018,fake
DF_E_2002896.flac,DF_E_2002896,TFM1,high_mp3,vcc2020,fake
DF_E_2003546.flac,DF_E_2003546,VCC2TF2,high_mp3,vcc2018,fake
DF_E_2002419.flac,DF_E_2002419,LA_0042,nocodec,asvspoof,fake
DF_E_2001420.flac,DF_E_2001420,TEM2,low_ogg,vcc2020,fake
DF_E_2001158.flac,DF_E_2001158,TEM1,mp3m4a,vcc2020,fake
DF_E_2001847.flac,DF_E_2001847,TFM1,low_ogg,vcc2020,fake
DF_E_2001422.flac,DF_E_2001422,VCC2TF1,low_ogg,vcc2018,fake
DF_E_2001525.flac,DF_E_2001525,TMM1,nocodec,vcc2020,fake
DF_E_2004657.flac,DF_E_2004657,TEF2,low_m4a,vcc2020,fake
DF_E_2000782.flac,DF_E_2000782,VCC2TF1,high_m4a,vcc2018,fake
DF_E_2002047.flac,DF_E_2002047,TMF1,low_ogg,vcc2020,fake
DF_E_2004499.flac,DF_E_2004499,VCC2TM1,high_mp3,vcc2018,fake
DF_E_2001343.flac,DF_E_2001343,VCC2TF2,oggm4a,vcc2018,fake
DF_E_2003617.flac,DF_E_2003617,VCC2TF1,low_mp3,vcc2018,fake
DF_E_2002109.flac,DF_E_2002109,VCC2TM2,nocodec,vcc2018,fake
DF_E_2004703.flac,DF_E_2004703,TGF1,mp3m4a,vcc2020,fake
DF_E_2004769.flac,DF_E_2004769,VCC2TM2,oggm4a,vcc2018,fake
DF_E_2003807.flac,DF_E_2003807,TGF1,mp3m4a,vcc2020,fake
DF_E_2003854.flac,DF_E_2003854,TEF1,nocodec,vcc2020,fake
DF_E_2003475.flac,DF_E_2003475,TMF1,high_ogg,vcc2020,fake
DF_E_2003404.flac,DF_E_2003404,VCC2TF1,high_mp3,vcc2018,fake
DF_E_2002796.flac,DF_E_2002796,TEM1,oggm4a,vcc2020,fake
DF_E_2004789.flac,DF_E_2004789,VCC2TF2,mp3m4a,vcc2018,fake
DF_E_2000412.flac,DF_E_2000412,TEM2,low_mp3,vcc2020,fake
DF_E_2001167.flac,DF_E_2001167,TEF2,oggm4a,vcc2020,fake
DF_E_2001196.flac,DF_E_2001196,TMM1,low_m4a,vcc2020,fake
DF_E_2002159.flac,DF_E_2002159,TMM1,oggm4a,vcc2020,fake
DF_E_2004049.flac,DF_E_2004049,LA_0019,oggm4a,asvspoof,fake
DF_E_2000826.flac,DF_E_2000826,LA_0002,low_ogg,asvspoof,fake
DF_E_2004329.flac,DF_E_2004329,TMM1,low_ogg,vcc2020,fake
DF_E_2003474.flac,DF_E_2003474,TGF1,high_ogg,vcc2020,fake
DF_E_2004246.flac,DF_E_2004246,TEM1,low_ogg,vcc2020,fake
DF_E_2001145.flac,DF_E_2001145,TEM1,high_m4a,vcc2020,fake
DF_E_2001459.flac,DF_E_2001459,LA_0011,high_mp3,asvspoof,fake
DF_E_2002021.flac,DF_E_2002021,TMF1,mp3m4a,vcc2020,fake
DF_E_2003412.flac,DF_E_2003412,TEM2,oggm4a,vcc2020,fake
DF_E_2004667.flac,DF_E_2004667,TMM1,high_mp3,vcc2020,fake
DF_E_2000935.flac,DF_E_2000935,TEM2,nocodec,vcc2020,fake
DF_E_2004330.flac,DF_E_2004330,TMF1,oggm4a,vcc2020,fake
DF_E_2000932.flac,DF_E_2000932,VCC2TF1,low_m4a,vcc2018,fake
DF_E_2000679.flac,DF_E_2000679,LA_0027,high_m4a,asvspoof,fake
DF_E_2004588.flac,DF_E_2004588,TFM1,high_ogg,vcc2020,fake
DF_E_2000451.flac,DF_E_2000451,TEM1,oggm4a,vcc2020,fake
DF_E_2002641.flac,DF_E_2002641,LA_0032,oggm4a,asvspoof,fake
DF_E_2000608.flac,DF_E_2000608,TGM1,mp3m4a,vcc2020,fake
DF_E_2000588.flac,DF_E_2000588,VCC2TF2,nocodec,vcc2018,fake
DF_E_2002734.flac,DF_E_2002734,TEF1,high_mp3,vcc2020,fake
DF_E_2004635.flac,DF_E_2004635,TEF1,low_m4a,vcc2020,fake
DF_E_2003082.flac,DF_E_2003082,TFM1,low_mp3,vcc2020,fake
DF_E_2002778.flac,DF_E_2002778,TMM1,low_ogg,vcc2020,fake
DF_E_2004654.flac,DF_E_2004654,VCC2TM2,low_m4a,vcc2018,fake
DF_E_2002711.flac,DF_E_2002711,TEF2,mp3m4a,vcc2020,fake
DF_E_2003708.flac,DF_E_2003708,TMM1,low_ogg,vcc2020,fake
DF_E_2000637.flac,DF_E_2000637,TEM2,high_m4a,vcc2020,fake
DF_E_2000512.flac,DF_E_2000512,VCC2TF1,high_ogg,vcc2018,fake
DF_E_2004834.flac,DF_E_2004834,TFM1,nocodec,vcc2020,fake
DF_E_2003216.flac,DF_E_2003216,VCC2TM1,low_m4a,vcc2018,fake
DF_E_2000537.flac,DF_E_2000537,VCC2TF1,low_ogg,vcc2018,fake
DF_E_2003189.flac,DF_E_2003189,TEM2,oggm4a,vcc2020,fake
DF_E_2002173.flac,DF_E_2002173,TEM1,low_ogg,vcc2020,fake
DF_E_2004900.flac,DF_E_2004900,TMM1,low_mp3,vcc2020,fake
DF_E_2001406.flac,DF_E_2001406,VCC2TF1,nocodec,vcc2018,fake
DF_E_2004437.flac,DF_E_2004437,VCC2TF1,high_ogg,vcc2018,fake
DF_E_2004732.flac,DF_E_2004732,VCC2TM2,oggm4a,vcc2018,fake
DF_E_2000032.flac,DF_E_2000032,TMF1,high_m4a,vcc2020,fake
DF_E_2001849.flac,DF_E_2001849,TGF1,high_m4a,vcc2020,fake
DF_E_2001058.flac,DF_E_2001058,LA_0013,high_ogg,asvspoof,fake
DF_E_2001219.flac,DF_E_2001219,TMF1,high_ogg,vcc2020,fake
DF_E_2001356.flac,DF_E_2001356,VCC2TM1,high_m4a,vcc2018,fake
DF_E_2002000.flac,DF_E_2002000,VCC2TF2,high_mp3,vcc2018,fake
DF_E_2002556.flac,DF_E_2002556,VCC2TF2,high_mp3,vcc2018,fake
DF_E_2003647.flac,DF_E_2003647,LA_0028,nocodec,asvspoof,fake
DF_E_2001100.flac,DF_E_2001100,LA_0046,mp3m4a,asvspoof,fake
DF_E_2001725.flac,DF_E_2001725,VCC2TF2,low_mp3,vcc2018,fake
DF_E_2003038.flac,DF_E_2003038,VCC2TM2,low_m4a,vcc2018,fake
DF_E_2003968.flac,DF_E_2003968,LA_0021,high_ogg,asvspoof,fake
DF_E_2003972.flac,DF_E_2003972,LA_0010,low_ogg,asvspoof,fake
DF_E_2000237.flac,DF_E_2000237,VCC2TF1,nocodec,vcc2018,fake
DF_E_2003471.flac,DF_E_2003471,LA_0014,low_ogg,asvspoof,fake
DF_E_2001242.flac,DF_E_2001242,LA_0018,nocodec,asvspoof,fake
DF_E_2001846.flac,DF_E_2001846,TMF1,mp3m4a,vcc2020,fake
DF_E_2004829.flac,DF_E_2004829,LA_0001,oggm4a,asvspoof,fake
DF_E_2001833.flac,DF_E_2001833,LA_0036,low_m4a,asvspoof,fake
DF_E_2000123.flac,DF_E_2000123,VCC2TF2,nocodec,vcc2018,fake
DF_E_2002578.flac,DF_E_2002578,LA_0030,low_mp3,asvspoof,fake
DF_E_2002290.flac,DF_E_2002290,VCC2TM1,high_m4a,vcc2018,fake
DF_E_2001822.flac,DF_E_2001822,VCC2TM1,low_m4a,vcc2018,fake
DF_E_2000913.flac,DF_E_2000913,LA_0021,nocodec,asvspoof,fake
DF_E_2000759.flac,DF_E_2000759,LA_0018,high_m4a,asvspoof,fake
DF_E_2004248.flac,DF_E_2004248,TMF1,high_ogg,vcc2020,fake
DF_E_2004137.flac,DF_E_2004137,VCC2TM2,low_m4a,vcc2018,fake
DF_E_2000361.flac,DF_E_2000361,VCC2TF2,nocodec,vcc2018,fake
DF_E_2000502.flac,DF_E_2000502,LA_0021,high_mp3,asvspoof,fake
DF_E_2003619.flac,DF_E_2003619,TFM1,low_m4a,vcc2020,fake
DF_E_2000416.flac,DF_E_2000416,LA_0042,oggm4a,asvspoof,fake
DF_E_2002293.flac,DF_E_2002293,TMM1,high_ogg,vcc2020,fake
DF_E_2000796.flac,DF_E_2000796,TMM1,high_m4a,vcc2020,fake
DF_E_2000044.flac,DF_E_2000044,TEM2,nocodec,vcc2020,fake
DF_E_2004282.flac,DF_E_2004282,VCC2TF1,high_mp3,vcc2018,fake
DF_E_2000301.flac,DF_E_2000301,VCC2TF2,high_m4a,vcc2018,fake
DF_E_2003633.flac,DF_E_2003633,VCC2TM1,low_mp3,vcc2018,fake
DF_E_2000565.flac,DF_E_2000565,VCC2TM2,mp3m4a,vcc2018,fake
DF_E_2002716.flac,DF_E_2002716,TFF1,high_ogg,vcc2020,fake
DF_E_2004350.flac,DF_E_2004350,TEF2,high_m4a,vcc2020,fake
DF_E_2004171.flac,DF_E_2004171,LA_0031,nocodec,asvspoof,fake
DF_E_2000246.flac,DF_E_2000246,LA_0004,oggm4a,asvspoof,fake
DF_E_2003154.flac,DF_E_2003154,TEF2,high_ogg,vcc2020,fake
DF_E_2003779.flac,DF_E_2003779,TFF1,high_mp3,vcc2020,fake
DF_E_2001533.flac,DF_E_2001533,VCC2TM2,mp3m4a,vcc2018,fake
DF_E_2001476.flac,DF_E_2001476,TGF1,low_ogg,vcc2020,fake
DF_E_2001589.flac,DF_E_2001589,TGF1,mp3m4a,vcc2020,fake
DF_E_2002193.flac,DF_E_2002193,VCC2TF1,low_ogg,vcc2018,fake
DF_E_2000207.flac,DF_E_2000207,TEF2,high_mp3,vcc2020,fake
DF_E_2004511.flac,DF_E_2004511,VCC2TF1,low_m4a,vcc2018,fake
DF_E_2003727.flac,DF_E_2003727,TGF1,low_mp3,vcc2020,fake
DF_E_2001686.flac,DF_E_2001686,VCC2TF1,high_m4a,vcc2018,fake
DF_E_2000011.flac,DF_E_2000011,LA_0023,nocodec,asvspoof,fake
DF_E_2001029.flac,DF_E_2001029,TFF1,high_mp3,vcc2020,fake
DF_E_2002307.flac,DF_E_2002307,VCC2SM4,oggm4a,vcc2018,fake
DF_E_2002672.flac,DF_E_2002672,LA_0041,mp3m4a,asvspoof,fake
DF_E_2000072.flac,DF_E_2000072,TEM2,high_ogg,vcc2020,fake
DF_E_2004106.flac,DF_E_2004106,VCC2TF2,high_ogg,vcc2018,fake
DF_E_2002003.flac,DF_E_2002003,LA_0004,high_m4a,asvspoof,fake
DF_E_2001048.flac,DF_E_2001048,TEF1,low_ogg,vcc2020,fake
DF_E_2004634.flac,DF_E_2004634,TFF1,oggm4a,vcc2020,fake
DF_E_2004557.flac,DF_E_2004557,VCC2TM1,mp3m4a,vcc2018,fake
DF_E_2002642.flac,DF_E_2002642,LA_0046,high_mp3,asvspoof,fake
DF_E_2001038.flac,DF_E_2001038,LA_0034,mp3m4a,asvspoof,fake
DF_E_2002449.flac,DF_E_2002449,VCC2TF1,high_mp3,vcc2018,fake
DF_E_2003092.flac,DF_E_2003092,TFF1,nocodec,vcc2020,fake
DF_E_2003210.flac,DF_E_2003210,LA_0036,high_ogg,asvspoof,fake
DF_E_2004093.flac,DF_E_2004093,VCC2TF2,high_m4a,vcc2018,fake
DF_E_2004130.flac,DF_E_2004130,TFM1,nocodec,vcc2020,fake
DF_E_2003377.flac,DF_E_2003377,LA_0008,low_m4a,asvspoof,fake
DF_E_2000539.flac,DF_E_2000539,TFM1,low_m4a,vcc2020,fake
DF_E_2002777.flac,DF_E_2002777,VCC2TM2,high_m4a,vcc2018,fake
DF_E_2002600.flac,DF_E_2002600,VCC2TF2,high_ogg,vcc2018,fake
DF_E_2001823.flac,DF_E_2001823,TMF1,high_mp3,vcc2020,fake
DF_E_2004354.flac,DF_E_2004354,TEM2,high_mp3,vcc2020,fake
DF_E_2004535.flac,DF_E_2004535,TEF1,nocodec,vcc2020,fake
DF_E_2004717.flac,DF_E_2004717,VCC2TM2,low_ogg,vcc2018,fake
DF_E_2000447.flac,DF_E_2000447,TEM2,mp3m4a,vcc2020,fake
DF_E_2002698.flac,DF_E_2002698,TEF2,high_mp3,vcc2020,fake
DF_E_2000979.flac,DF_E_2000979,LA_0014,low_mp3,asvspoof,fake
DF_E_2001557.flac,DF_E_2001557,TEM2,low_mp3,vcc2020,fake
DF_E_2004469.flac,DF_E_2004469,VCC2TM1,low_m4a,vcc2018,fake
DF_E_2004319.flac,DF_E_2004319,TEF2,oggm4a,vcc2020,fake
DF_E_2000994.flac,DF_E_2000994,VCC2TF1,low_mp3,vcc2018,fake
DF_E_2001472.flac,DF_E_2001472,LA_0034,low_m4a,asvspoof,fake
DF_E_2004392.flac,DF_E_2004392,TFM1,high_ogg,vcc2020,fake
DF_E_2001297.flac,DF_E_2001297,TEF2,oggm4a,vcc2020,fake
DF_E_2004819.flac,DF_E_2004819,VCC2TM1,high_m4a,vcc2018,fake
DF_E_2000165.flac,DF_E_2000165,TEM1,mp3m4a,vcc2020,fake
DF_E_2000080.flac,DF_E_2000080,VCC2TM2,nocodec,vcc2018,fake
DF_E_2003509.flac,DF_E_2003509,TMF1,high_ogg,vcc2020,fake
DF_E_2004209.flac,DF_E_2004209,VCC2TF2,nocodec,vcc2018,fake
DF_E_2002246.flac,DF_E_2002246,LA_0042,high_ogg,asvspoof,fake
DF_E_2000639.flac,DF_E_2000639,LA_0018,high_mp3,asvspoof,fake
DF_E_2002670.flac,DF_E_2002670,TFM1,low_ogg,vcc2020,fake
DF_E_2002980.flac,DF_E_2002980,TMM1,mp3m4a,vcc2020,fake
DF_E_2002033.flac,DF_E_2002033,VCC2TF2,high_m4a,vcc2018,fake
DF_E_2001636.flac,DF_E_2001636,TMF1,nocodec,vcc2020,fake
DF_E_2003681.flac,DF_E_2003681,TEM1,nocodec,vcc2020,fake
DF_E_2003914.flac,DF_E_2003914,TEF1,low_ogg,vcc2020,fake
DF_E_2003010.flac,DF_E_2003010,VCC2TM2,nocodec,vcc2018,fake
DF_E_2004236.flac,DF_E_2004236,LA_0018,high_ogg,asvspoof,fake
DF_E_2003970.flac,DF_E_2003970,LA_0033,low_m4a,asvspoof,fake
DF_E_2000604.flac,DF_E_2000604,LA_0014,mp3m4a,asvspoof,fake
DF_E_2004516.flac,DF_E_2004516,LA_0032,low_m4a,asvspoof,fake
DF_E_2003285.flac,DF_E_2003285,VCC2TM1,mp3m4a,vcc2018,fake
DF_E_2002040.flac,DF_E_2002040,VCC2TF2,low_ogg,vcc2018,fake
DF_E_2001965.flac,DF_E_2001965,LA_0022,nocodec,asvspoof,fake
DF_E_2000752.flac,DF_E_2000752,LA_0001,low_mp3,asvspoof,fake
DF_E_2003391.flac,DF_E_2003391,VCC2TM2,mp3m4a,vcc2018,fake
DF_E_2003922.flac,DF_E_2003922,LA_0001,low_m4a,asvspoof,fake
DF_E_2002152.flac,DF_E_2002152,TEM1,high_m4a,vcc2020,fake
DF_E_2004242.flac,DF_E_2004242,TMM1,high_ogg,vcc2020,fake
DF_E_2001713.flac,DF_E_2001713,VCC2TF2,nocodec,vcc2018,fake
DF_E_2000183.flac,DF_E_2000183,VCC2TF2,high_mp3,vcc2018,fake
DF_E_2001728.flac,DF_E_2001728,VCC2TF2,nocodec,vcc2018,fake
DF_E_2003556.flac,DF_E_2003556,VCC2TF2,low_ogg,vcc2018,fake
DF_E_2000388.flac,DF_E_2000388,TFF1,low_m4a,vcc2020,fake
DF_E_2004394.flac,DF_E_2004394,VCC2TF1,low_mp3,vcc2018,fake
DF_E_2002423.flac,DF_E_2002423,VCC2TF2,low_m4a,vcc2018,fake
DF_E_2004215.flac,DF_E_2004215,TMM1,high_mp3,vcc2020,fake
DF_E_2004156.flac,DF_E_2004156,LA_0007,low_mp3,asvspoof,fake
DF_E_2000746.flac,DF_E_2000746,LA_0002,low_ogg,asvspoof,fake
DF_E_2003957.flac,DF_E_2003957,LA_0026,nocodec,asvspoof,fake
DF_E_2001043.flac,DF_E_2001043,VCC2TF2,mp3m4a,vcc2018,fake
DF_E_2004205.flac,DF_E_2004205,LA_0067,oggm4a,asvspoof,fake
DF_E_2002775.flac,DF_E_2002775,LA_0007,low_ogg,asvspoof,fake
DF_E_2000028.flac,DF_E_2000028,VCC2TM2,low_mp3,vcc2018,fake
DF_E_2004626.flac,DF_E_2004626,LA_0039,low_ogg,asvspoof,fake
DF_E_2004538.flac,DF_E_2004538,TFF1,mp3m4a,vcc2020,fake
DF_E_2000838.flac,DF_E_2000838,VCC2TF1,oggm4a,vcc2018,fake
DF_E_2004104.flac,DF_E_2004104,LA_0018,low_ogg,asvspoof,fake
DF_E_2001719.flac,DF_E_2001719,TFM1,high_mp3,vcc2020,fake
DF_E_2002373.flac,DF_E_2002373,VCC2TM1,low_ogg,vcc2018,fake
DF_E_2004636.flac,DF_E_2004636,VCC2TF1,low_ogg,vcc2018,fake
DF_E_2004907.flac,DF_E_2004907,LA_0043,nocodec,asvspoof,fake
DF_E_2001208.flac,DF_E_2001208,LA_0042,high_m4a,asvspoof,fake
DF_E_2002339.flac,DF_E_2002339,LA_0014,high_mp3,asvspoof,fake
DF_E_2001312.flac,DF_E_2001312,TGM1,oggm4a,vcc2020,fake
DF_E_2002217.flac,DF_E_2002217,VCC2TF1,high_m4a,vcc2018,fake
DF_E_2000154.flac,DF_E_2000154,VCC2TF1,high_ogg,vcc2018,fake
DF_E_2004067.flac,DF_E_2004067,LA_0014,high_ogg,asvspoof,fake
DF_E_2004673.flac,DF_E_2004673,TFF1,oggm4a,vcc2020,fake
DF_E_2001078.flac,DF_E_2001078,TGF1,low_m4a,vcc2020,fake
DF_E_2001453.flac,DF_E_2001453,VCC2TF1,low_ogg,vcc2018,fake
DF_E_2000829.flac,DF_E_2000829,TEF1,low_ogg,vcc2020,fake
DF_E_2001277.flac,DF_E_2001277,TGM1,high_m4a,vcc2020,fake
DF_E_2004580.flac,DF_E_2004580,LA_0002,low_m4a,asvspoof,fake
DF_E_2003960.flac,DF_E_2003960,TFF1,high_mp3,vcc2020,fake
DF_E_2002557.flac,DF_E_2002557,TEF1,high_ogg,vcc2020,fake
DF_E_2001168.flac,DF_E_2001168,TEM2,low_ogg,vcc2020,fake
DF_E_2003866.flac,DF_E_2003866,VCC2TF2,oggm4a,vcc2018,fake
DF_E_2001171.flac,DF_E_2001171,VCC2TF1,low_m4a,vcc2018,fake
DF_E_2003053.flac,DF_E_2003053,LA_0036,low_m4a,asvspoof,fake
DF_E_2004207.flac,DF_E_2004207,LA_0036,nocodec,asvspoof,fake
DF_E_2004269.flac,DF_E_2004269,TEF1,low_mp3,vcc2020,fake
DF_E_2001462.flac,DF_E_2001462,TEF2,nocodec,vcc2020,fake
DF_E_2003912.flac,DF_E_2003912,VCC2TF1,nocodec,vcc2018,fake
DF_E_2004778.flac,DF_E_2004778,TEF1,high_ogg,vcc2020,fake
DF_E_2000042.flac,DF_E_2000042,VCC2TM2,low_m4a,vcc2018,fake
DF_E_2003786.flac,DF_E_2003786,VCC2TF1,low_m4a,vcc2018,fake
DF_E_2004136.flac,DF_E_2004136,TEF2,oggm4a,vcc2020,fake
DF_E_2000329.flac,DF_E_2000329,LA_0044,high_ogg,asvspoof,fake
DF_E_2003088.flac,DF_E_2003088,VCC2TM2,low_mp3,vcc2018,fake
DF_E_2004414.flac,DF_E_2004414,TFF1,mp3m4a,vcc2020,fake
DF_E_2004573.flac,DF_E_2004573,TEF1,high_m4a,vcc2020,fake
DF_E_2001325.flac,DF_E_2001325,VCC2TF1,high_m4a,vcc2018,fake
DF_E_2002078.flac,DF_E_2002078,TEF1,mp3m4a,vcc2020,fake
DF_E_2002498.flac,DF_E_2002498,VCC2TM1,low_mp3,vcc2018,fake
DF_E_2001209.flac,DF_E_2001209,LA_0044,low_m4a,asvspoof,fake
DF_E_2003915.flac,DF_E_2003915,TEM2,mp3m4a,vcc2020,fake
DF_E_2000960.flac,DF_E_2000960,VCC2TM2,low_mp3,vcc2018,fake
DF_E_2003005.flac,DF_E_2003005,VCC2TM2,high_m4a,vcc2018,fake
DF_E_2003369.flac,DF_E_2003369,LA_0041,high_mp3,asvspoof,fake
DF_E_2000201.flac,DF_E_2000201,LA_0014,high_ogg,asvspoof,fake
DF_E_2003781.flac,DF_E_2003781,TEM1,low_mp3,vcc2020,fake
DF_E_2001320.flac,DF_E_2001320,VCC2TF1,high_mp3,vcc2018,fake
DF_E_2002973.flac,DF_E_2002973,LA_0046,high_ogg,asvspoof,fake
DF_E_2001464.flac,DF_E_2001464,TFM1,oggm4a,vcc2020,fake
DF_E_2004896.flac,DF_E_2004896,LA_0021,low_m4a,asvspoof,fake
DF_E_2001230.flac,DF_E_2001230,LA_0036,high_ogg,asvspoof,fake
DF_E_2004174.flac,DF_E_2004174,VCC2TM1,nocodec,vcc2018,fake
DF_E_2004629.flac,DF_E_2004629,LA_0028,mp3m4a,asvspoof,fake
DF_E_2000269.flac,DF_E_2000269,VCC2TM2,low_m4a,vcc2018,fake
DF_E_2004859.flac,DF_E_2004859,VCC2TM1,mp3m4a,vcc2018,fake
DF_E_2001962.flac,DF_E_2001962,VCC2TM2,high_ogg,vcc2018,fake
DF_E_2000931.flac,DF_E_2000931,TEF2,nocodec,vcc2020,fake
DF_E_2001191.flac,DF_E_2001191,VCC2TF1,high_mp3,vcc2018,fake
DF_E_2000395.flac,DF_E_2000395,VCC2TM2,low_ogg,vcc2018,fake
DF_E_2001261.flac,DF_E_2001261,VCC2TF1,low_m4a,vcc2018,fake
DF_E_2000391.flac,DF_E_2000391,VCC2TM2,nocodec,vcc2018,fake
DF_E_2002110.flac,DF_E_2002110,TGM1,low_m4a,vcc2020,fake
DF_E_2004451.flac,DF_E_2004451,LA_0021,low_mp3,asvspoof,fake
DF_E_2000655.flac,DF_E_2000655,VCC2TM2,high_m4a,vcc2018,fake
DF_E_2002333.flac,DF_E_2002333,VCC2TM1,low_m4a,vcc2018,fake
DF_E_2004689.flac,DF_E_2004689,LA_0033,low_ogg,asvspoof,fake
DF_E_2004128.flac,DF_E_2004128,TMF1,low_mp3,vcc2020,fake
DF_E_2004240.flac,DF_E_2004240,TEF2,high_m4a,vcc2020,fake
DF_E_2003034.flac,DF_E_2003034,VCC2TM1,nocodec,vcc2018,fake
DF_E_2000699.flac,DF_E_2000699,VCC2TM1,low_mp3,vcc2018,fake
DF_E_2001175.flac,DF_E_2001175,TEM1,low_m4a,vcc2020,fake
DF_E_2000177.flac,DF_E_2000177,TMF1,low_ogg,vcc2020,fake
DF_E_2000079.flac,DF_E_2000079,TEM2,high_m4a,vcc2020,fake
DF_E_2001249.flac,DF_E_2001249,LA_0012,low_m4a,asvspoof,fake
DF_E_2002368.flac,DF_E_2002368,TGF1,nocodec,vcc2020,fake
DF_E_2002166.flac,DF_E_2002166,VCC2TF2,low_m4a,vcc2018,fake
DF_E_2001139.flac,DF_E_2001139,VCC2TM2,nocodec,vcc2018,fake
DF_E_2001936.flac,DF_E_2001936,VCC2TM2,low_mp3,vcc2018,fake
DF_E_2002085.flac,DF_E_2002085,TMM1,high_m4a,vcc2020,fake
DF_E_2002884.flac,DF_E_2002884,LA_0018,high_m4a,asvspoof,fake
DF_E_2002821.flac,DF_E_2002821,VCC2TF2,low_m4a,vcc2018,fake
DF_E_2003021.flac,DF_E_2003021,LA_0024,high_ogg,asvspoof,fake
DF_E_2000055.flac,DF_E_2000055,LA_0036,high_ogg,asvspoof,fake
DF_E_2004173.flac,DF_E_2004173,VCC2TF1,low_ogg,vcc2018,fake
DF_E_2002192.flac,DF_E_2002192,VCC2TF2,low_m4a,vcc2018,fake
DF_E_2001390.flac,DF_E_2001390,VCC2TM2,low_m4a,vcc2018,fake
DF_E_2003344.flac,DF_E_2003344,LA_0021,low_m4a,asvspoof,fake
DF_E_2000465.flac,DF_E_2000465,TMF1,high_ogg,vcc2020,fake
DF_E_2002410.flac,DF_E_2002410,VCC2TF2,low_ogg,vcc2018,fake
DF_E_2000193.flac,DF_E_2000193,VCC2TM2,low_ogg,vcc2018,fake
DF_E_2001367.flac,DF_E_2001367,VCC2TF2,mp3m4a,vcc2018,fake
DF_E_2002985.flac,DF_E_2002985,VCC2TF1,oggm4a,vcc2018,fake
DF_E_2002420.flac,DF_E_2002420,LA_0033,high_mp3,asvspoof,fake
DF_E_2002284.flac,DF_E_2002284,TMF1,low_mp3,vcc2020,fake
DF_E_2002782.flac,DF_E_2002782,TGF1,high_m4a,vcc2020,fake
DF_E_2002750.flac,DF_E_2002750,VCC2TM1,low_m4a,vcc2018,fake
DF_E_2002092.flac,DF_E_2002092,TEM2,high_m4a,vcc2020,fake
DF_E_2004869.flac,DF_E_2004869,LA_0032,low_ogg,asvspoof,fake
DF_E_2003133.flac,DF_E_2003133,LA_0002,high_mp3,asvspoof,fake
DF_E_2000285.flac,DF_E_2000285,LA_0021,mp3m4a,asvspoof,fake
DF_E_2000570.flac,DF_E_2000570,TGM1,high_m4a,vcc2020,fake
DF_E_2000421.flac,DF_E_2000421,TFF1,low_m4a,vcc2020,fake
DF_E_2004620.flac,DF_E_2004620,TEF1,high_ogg,vcc2020,fake
DF_E_2002689.flac,DF_E_2002689,LA_0032,high_ogg,asvspoof,fake
DF_E_2004076.flac,DF_E_2004076,TEM2,low_ogg,vcc2020,fake
DF_E_2001724.flac,DF_E_2001724,TMF1,nocodec,vcc2020,fake
DF_E_2002131.flac,DF_E_2002131,VCC2TF1,high_mp3,vcc2018,fake
DF_E_2004011.flac,DF_E_2004011,TEF1,high_mp3,vcc2020,fake
DF_E_2000228.flac,DF_E_2000228,LA_0008,low_ogg,asvspoof,fake
DF_E_2000594.flac,DF_E_2000594,VCC2TM1,low_mp3,vcc2018,fake
DF_E_2004310.flac,DF_E_2004310,TMM1,high_ogg,vcc2020,fake
DF_E_2000418.flac,DF_E_2000418,LA_0017,high_ogg,asvspoof,fake
DF_E_2004188.flac,DF_E_2004188,VCC2TF1,nocodec,vcc2018,fake
DF_E_2001933.flac,DF_E_2001933,TFM1,low_m4a,vcc2020,fake
DF_E_2003147.flac,DF_E_2003147,VCC2TM1,low_ogg,vcc2018,fake
DF_E_2001843.flac,DF_E_2001843,LA_0018,mp3m4a,asvspoof,fake
DF_E_2001153.flac,DF_E_2001153,LA_0032,high_m4a,asvspoof,fake
DF_E_2001538.flac,DF_E_2001538,VCC2TF2,mp3m4a,vcc2018,fake
DF_E_2001409.flac,DF_E_2001409,TEF2,low_mp3,vcc2020,fake
DF_E_2003156.flac,DF_E_2003156,VCC2TF2,high_ogg,vcc2018,fake
DF_E_2002348.flac,DF_E_2002348,TMF1,high_mp3,vcc2020,fake
DF_E_2003400.flac,DF_E_2003400,TGM1,low_ogg,vcc2020,fake
DF_E_2002170.flac,DF_E_2002170,TGF1,nocodec,vcc2020,fake
DF_E_2000572.flac,DF_E_2000572,TEF1,low_m4a,vcc2020,fake
DF_E_2004019.flac,DF_E_2004019,VCC2TF2,oggm4a,vcc2018,fake
DF_E_2002918.flac,DF_E_2002918,LA_0036,high_ogg,asvspoof,fake
DF_E_2003295.flac,DF_E_2003295,LA_0033,high_ogg,asvspoof,fake
DF_E_2001040.flac,DF_E_2001040,TGF1,low_m4a,vcc2020,fake
DF_E_2001435.flac,DF_E_2001435,LA_0043,high_m4a,asvspoof,fake
DF_E_2001092.flac,DF_E_2001092,TMF1,high_m4a,vcc2020,fake
DF_E_2001204.flac,DF_E_2001204,LA_0027,low_ogg,asvspoof,fake
DF_E_2002137.flac,DF_E_2002137,LA_0018,low_m4a,asvspoof,fake
DF_E_2003812.flac,DF_E_2003812,LA_0043,oggm4a,asvspoof,fake
DF_E_2001955.flac,DF_E_2001955,VCC2TF2,high_ogg,vcc2018,fake
DF_E_2000410.flac,DF_E_2000410,TMF1,oggm4a,vcc2020,fake
DF_E_2003427.flac,DF_E_2003427,TFF1,low_ogg,vcc2020,fake
DF_E_2003512.flac,DF_E_2003512,VCC2TF2,high_ogg,vcc2018,fake
DF_E_2000510.flac,DF_E_2000510,TMF1,high_ogg,vcc2020,fake
DF_E_2003068.flac,DF_E_2003068,TMM1,high_mp3,vcc2020,fake
DF_E_2000212.flac,DF_E_2000212,LA_0008,mp3m4a,asvspoof,fake
DF_E_2001438.flac,DF_E_2001438,VCC2TM2,high_ogg,vcc2018,fake
DF_E_2000852.flac,DF_E_2000852,VCC2TM2,nocodec,vcc2018,fake
DF_E_2001188.flac,DF_E_2001188,LA_0038,low_mp3,asvspoof,fake
DF_E_2003715.flac,DF_E_2003715,VCC2TF2,high_m4a,vcc2018,fake
DF_E_2003083.flac,DF_E_2003083,TGF1,nocodec,vcc2020,fake
DF_E_2001082.flac,DF_E_2001082,VCC2TF1,high_ogg,vcc2018,fake
DF_E_2001951.flac,DF_E_2001951,TMM1,mp3m4a,vcc2020,fake
DF_E_2003032.flac,DF_E_2003032,VCC2TF1,mp3m4a,vcc2018,fake
DF_E_2001831.flac,DF_E_2001831,TFF1,high_mp3,vcc2020,fake
DF_E_2000724.flac,DF_E_2000724,LA_0039,low_m4a,asvspoof,fake
DF_E_2004524.flac,DF_E_2004524,VCC2TF2,high_mp3,vcc2018,fake
DF_E_2004890.flac,DF_E_2004890,VCC2TF1,high_m4a,vcc2018,fake
DF_E_2001377.flac,DF_E_2001377,TEM2,high_m4a,vcc2020,fake
DF_E_2002443.flac,DF_E_2002443,VCC2TF2,nocodec,vcc2018,fake
DF_E_2002768.flac,DF_E_2002768,TEF1,low_ogg,vcc2020,fake
DF_E_2004628.flac,DF_E_2004628,TGM1,low_ogg,vcc2020,fake
DF_E_2000669.flac,DF_E_2000669,VCC2TF1,low_ogg,vcc2018,fake
DF_E_2001468.flac,DF_E_2001468,VCC2TF2,oggm4a,vcc2018,fake
DF_E_2004039.flac,DF_E_2004039,VCC2TM2,low_m4a,vcc2018,fake
DF_E_2000767.flac,DF_E_2000767,VCC2TF1,low_mp3,vcc2018,fake
DF_E_2000584.flac,DF_E_2000584,TMM1,oggm4a,vcc2020,fake
DF_E_2002020.flac,DF_E_2002020,LA_0003,high_mp3,asvspoof,fake
DF_E_2002132.flac,DF_E_2002132,TEM2,high_mp3,vcc2020,fake
DF_E_2003385.flac,DF_E_2003385,VCC2TF1,oggm4a,vcc2018,fake
DF_E_2001309.flac,DF_E_2001309,TEF1,low_m4a,vcc2020,fake
DF_E_2004767.flac,DF_E_2004767,LA_0043,oggm4a,asvspoof,fake
DF_E_2003368.flac,DF_E_2003368,VCC2TM2,nocodec,vcc2018,fake
DF_E_2002713.flac,DF_E_2002713,VCC2TF2,nocodec,vcc2018,fake
DF_E_2003117.flac,DF_E_2003117,TEM1,oggm4a,vcc2020,fake
DF_E_2004426.flac,DF_E_2004426,VCC2TF2,low_m4a,vcc2018,fake
DF_E_2001101.flac,DF_E_2001101,TEF1,low_m4a,vcc2020,fake
DF_E_2000213.flac,DF_E_2000213,VCC2TM2,high_m4a,vcc2018,fake
DF_E_2004852.flac,DF_E_2004852,TFM1,low_ogg,vcc2020,fake
DF_E_2002741.flac,DF_E_2002741,LA_0043,high_m4a,asvspoof,fake
DF_E_2000970.flac,DF_E_2000970,TGM1,low_m4a,vcc2020,fake
DF_E_2003222.flac,DF_E_2003222,TGF1,high_mp3,vcc2020,fake
DF_E_2002248.flac,DF_E_2002248,TEM1,high_mp3,vcc2020,fake
DF_E_2003275.flac,DF_E_2003275,VCC2TF1,low_ogg,vcc2018,fake
DF_E_2002280.flac,DF_E_2002280,LA_0008,high_ogg,asvspoof,fake
DF_E_2000503.flac,DF_E_2000503,LA_0044,high_ogg,asvspoof,fake
DF_E_2002488.flac,DF_E_2002488,VCC2TM2,mp3m4a,vcc2018,fake
DF_E_2001384.flac,DF_E_2001384,TMM1,low_m4a,vcc2020,fake
DF_E_2003768.flac,DF_E_2003768,LA_0018,high_m4a,asvspoof,fake
DF_E_2004816.flac,DF_E_2004816,TGF1,high_ogg,vcc2020,fake
DF_E_2002910.flac,DF_E_2002910,VCC2TM1,mp3m4a,vcc2018,fake
DF_E_2002872.flac,DF_E_2002872,VCC2TF2,oggm4a,vcc2018,fake
DF_E_2004223.flac,DF_E_2004223,VCC2TM2,oggm4a,vcc2018,fake
DF_E_2000823.flac,DF_E_2000823,LA_0043,nocodec,asvspoof,fake
DF_E_2001227.flac,DF_E_2001227,VCC2TM2,low_m4a,vcc2018,fake
DF_E_2000531.flac,DF_E_2000531,VCC2SF3,oggm4a,vcc2018,fake
DF_E_2001818.flac,DF_E_2001818,LA_0028,high_m4a,asvspoof,fake
DF_E_2001271.flac,DF_E_2001271,TFF1,high_ogg,vcc2020,fake
DF_E_2000026.flac,DF_E_2000026,LA_0043,mp3m4a,asvspoof,fake
DF_E_2001387.flac,DF_E_2001387,TFM1,high_ogg,vcc2020,fake
DF_E_2002855.flac,DF_E_2002855,VCC2TF2,high_m4a,vcc2018,fake
DF_E_2001524.flac,DF_E_2001524,TFM1,oggm4a,vcc2020,fake
DF_E_2004318.flac,DF_E_2004318,TEF1,nocodec,vcc2020,fake
DF_E_2000492.flac,DF_E_2000492,VCC2TF2,low_ogg,vcc2018,fake
DF_E_2000013.flac,DF_E_2000013,TEF2,low_m4a,vcc2020,fake
DF_E_2001437.flac,DF_E_2001437,TGM1,mp3m4a,vcc2020,fake
DF_E_2001832.flac,DF_E_2001832,LA_0026,high_mp3,asvspoof,fake
DF_E_2000263.flac,DF_E_2000263,LA_0044,low_ogg,asvspoof,fake
DF_E_2000734.flac,DF_E_2000734,TMM1,high_ogg,vcc2020,fake
DF_E_2002922.flac,DF_E_2002922,VCC2TF1,high_ogg,vcc2018,fake
DF_E_2000858.flac,DF_E_2000858,TFM1,mp3m4a,vcc2020,fake
DF_E_2003241.flac,DF_E_2003241,LA_0017,high_m4a,asvspoof,fake
